id,name,email,phone,address
1,\xc30d040703021ba0dc97492c36b174d238019b96d468c117bb808ccda89ed1bff91bf5b6247c10d0e78b941b6bf8c8557fe44872615790ed9369376c668755efa0a9aaeab1aea143d9,\xc30d04070302978533c4374ac2bd6fd24101f474db1d69463cb7fe995a9b60a1f286cac592942985aa64b52f83c1e5b6b28a447ed1bb88cff498c9509cd1728fde1a3a34c389e8ce969c52920dc33d04f729,\xc30d04070302e877e502c5db71d476d239015b87291227657bc58b80ae3e5c55276916634270679fc7c36e970a502c08eaa9d31e4863cddcfa447edf4f96a3a29785dfb550947de65fa7,\xc30d04070302d515c7c3ef8a29c96bd24101dab99c212a900b1a6f7ee6f35ad2267644dcef6cb7cc21e0f5b70fef18df65b75cab445995a1ef5e9d7829f5ccd60c1d5afe7d6ce40f447d36c2c4c91250082d
2,\xc30d040703024de19d6e539856b279d238011e84c3bb1d4490d7e07352d9b5fef23fe5acd26b7779bd8bd9aff5cd2335ec80ee5443354dcb8ed0010f3547e2dada022d2ad03b22ded0,\xc30d04070302e17a95b1918c063a6cd2410101e219d1430de2d5d7bf9deaabdc37871b1c1db2f4f8be90a8f4f1b86a795fe89535414965c2e5e8e4ac9a8e4d6eaa3f71eff22fbd27c014373b0030b79d25e9,\xc30d04070302370d5fa38dfa955076d2390185e64a93e2ca786143cf4f99ad744b0bc7baeee5e5e3f71c5ac110a579a6624e6456f1d4f2df237d8e5137d92572ce7fc1d7888bd395dd53,\xc30d04070302e43ef46cfa3bd5e96fd24101227dc87c925bde08303dbd1abb439f857aa79e15d09d519f8a8bc69d18fbb55683349f0f3f3986c5ed7e082f9d892afb77094149493dbb474c0a952a427617f0
3,\xc30d04070302d959cdc36d78edf967d238013229419ea4dca5d2cc63c8f05ebd162c0aec9b77a961bee54aa3fd70c7789f876de15c627f12370626eb69ce3470638624606a94e49a9d,\xc30d040703022aa3b4edaaecbebc6cd2410140c51860c76e19ab62e2984168beacfd7867beba8b6b42e9b1ba6a387cc790d9e826fb0518dedb7d382f8379623c11360a1e84aa156bf142c328c4445f7f6a63,\xc30d040703027ed0ef0379dae48e75d239011e0d802fa0cec2c890086b6c292e8fb90f075d347a511f2f1c200a58fe37c2407141af1d7c0eab130513a69d627c079bb7d7bf0504792c36,\xc30d04070302d3b20f38a7f7b2b97cd2410199327037567302e115554ceaa016fd284d35c1c1c24d2003efd536d39dda18625dafc086a2bc9b8d9e2266cdad81f1db3b33b739441ffb92e48e37c4e4354245
4,\xc30d04070302a6d250c4eb335b2470d238013a9473bbe97da2059c8c069fa7f22c898d5c4a187ba57565478ae0a7298be8d97aa579116a31e94e19fa57b24e8e758069777e44fac884,\xc30d04070302aabfe772bcdb906b7ad24101ae7d0ad44214c40c39bc39ae49a2ed75b84589fdd3909ed703e2df8c20ae20aef88a810c3dd24e2436268b27305c3f99199ba77fd1656267693c6267df5b82c1,\xc30d0407030291590be200c3b0ae7dd23901b6091b2b9be466ae4cf5680da874ac1008df2cd1fe8e89c735ff854baf647b7a6be38163bf5ec2bb856c18685e306964d0c6e148549a4625,\xc30d04070302dd08f85b3c44ad177fd241014957236859735188cfc0682d0690e94f8605298337dfd528592c5e05d1cc0a5a19b86fbb012ffead9783c0bee4e7653e4509e8c7ad055a96205ac89e444cc4a0
5,\xc30d040703022461f8e5e841950373d23801b307dc34d2c6c6975648b7b648a7360c14a66b86445fc9666e0a43aa5a97aa5d10e401bd9f3067afb22a6f11c219b53bb35b79163b85f4,\xc30d0407030203cffc806f0dab3171d2410155021787df24171783d8a01b3e1029f8fc2ab27ad84243d20ef41daff285bc04800de4bc48d4d79fc696c03226a18ec286e0e65b1f311ff11f991e0f39c412e3,\xc30d04070302e905001cbc05223e7bd23901c1129797e78cab8b1ca6823d81e9fc25bbc5f087698d7294a4dc62c7f0e524386b93a6a32277c083e1b23f82b34c23a9320af5cb1d0c3542,\xc30d0407030251d1f680ba38f2af70d2410125711cfb8fda647eca01e636a52cd61ef967834ece084bda88739ad91c6f4d99584f8c66bf7c8435164e13bfe15b5c648b984e969bd658c6749ad7801d3384f4
6,\xc30d040703025c4bfcee60041b7164d23801fade23400040d1cd83734f957cdf8ac1a4f1a57046db2677afb0d5eda6cbf026a32151110b132f85c123f0ea9cbae803ba821c07b7c1d1,\xc30d040703024ef0111ae98fc7e772d24101a57e4ab1f9d326fc413fe844cda5afc779534037347a7996dd4aa4df1599cbee131b8122fc17271f753db4b0e80568096c03a5ef4b06f84dc1bb5d47bfd3b877,\xc30d0407030282e78efda02d29927ed239010751c1cf2429980b46ba5823d00c4f42935450cff5562274492e44d1faa01740b8bab8ef8abd6f89b829ac322506e160e585b42daaa37cfb,\xc30d04070302c84f74352352606677d24101cba7605ec6763d46eb32bdee6f8815c9ba05b754cadfc6fbd84d1988432a8c14521e2d41b09caba8c27a95c7a65233b87e5ead691f1d0bb0817f4111ce87ac7f
7,\xc30d04070302b066cda48e7c8a7160d2380150701d07b8f62081560c42e4a21ab0689a226b1f3519d9eb20cff7fb4eac44b38791c0f6667037aacc57442f324ed930d25124569c3788,\xc30d04070302e0f87afeffea2cf976d24101b89de098320a75475785efab7cf149e23a9923fc89210fa71025be3aeb1c010a10395246e552d403b012c1102c5d3d1a5dfa318a7da377c8bf16adcee5efc516,\xc30d04070302bc043d6fc7731eb26cd23901e286df7029b8f3ddc3b2baf3752430c33dba946b7d9dbb16b7a7fac3565d0fa43b7e551f3be4586a000b71f667279223a97f99d839e63f71,\xc30d04070302a0757e1f925ea6d267d241019e4e950d3684c2840f5103513f976178199ca8826d229a068a9f916de8d08b62633342aa7c93dea338e0fb0b61497cf8450ada3a48370f6fca3568f9a75df982
8,\xc30d04070302c745ee2aa3545aca60d238018d0e75dd9a7707d6f2622f7b03d36937def281f8ed34d9f5e07b8428483ea729a9c3e9bb3d6d38350b9a660d8e2bfca08eea08715eed05,\xc30d04070302848cee84290ea1a465d24101b08194fc5b0ca82d906265976bee48c83a858a3c591b93cfef8dfc4fdf330d57ce7cd93c3b03ccea5a59dd968b2af8ac651bedbe7c95b06fda83b4e876cb8da3,\xc30d04070302170f18a58418f32c7ed23901d6d17ff203c0a98607800accf55a5d0945a93669a511aa3635646f8f06a48ee5789fd9fcc9c0045fd686bda7c8f0dc6aaadd494db398c836,\xc30d040703025c4a445c0b4d95ad66d2410112a4041a1aa51a439c139b839b6cd6ebacd76475570de68103d734800535b127ccf01b4249efc6ef0646b9da6839040bb34257cdcd182b5f42e8446607b6f403
9,\xc30d0407030248ca19ecccd95f1665d238010a789c8249923492d03fca4879ff10c367924fe2e060783d4f66014e75881cc60d4bc57de4081c4f55af70499751a979dc3f4e9f611a7f,\xc30d040703025b228cb7adc482af73d24101532ee61c7a5281008d44bc54221b924e41eb5df605f98dbc007c176b5a51d9e3f72f0cb8ab0c369c3391bf1eac1192c463a99d2c7f657f165ecb456fbfc888c2,\xc30d040703025a354ed10b94bc4a77d23901f0cd72a80584b80e932ac5ae5b73734efb54337e57a04d92930aa28c37f05a3aa7b73f20379475033f662efd00c62adf526372241f016d04,\xc30d04070302907f9c24f8aa5ce276d241018dc7e4540de0797972a05c74c0b0635bde2e67a55b8028bb00a6262fb09c28a00952814240c3578bd309132baaf632a85ca9dcb7ad3b7ef98a1bfe8ee60ecc6f
10,\xc30d040703025656ff4ff4c74e2d69d2390152443e81ab4c0da03c0b51a075fc77dcfb3007bc761aa5917d41f56e93c33265a21c6fcf6fc6618d496b33e0ab01311f3827e2944de407dc,\xc30d040703024c8b7dcdf0a70af06cd24201880cc109a27458bae8b58d4ba6a49d0ef8029282bc35f29803bc9202365606d520d28c6ba88d93b4de11337fd690443408f094e476bbc7529eca6345465b47aab5,\xc30d040703027b2460418cb921036bd23901dc77386af9adb399a65f1e13ab49d91b712af0d45f42276f125e0228601927ba52712b5243187614cb66ede654dd606984d57349dfdc4626,\xc30d04070302d035e0b854b1bb2078d242019197c8816cfc3db7311cb28f3390dc71de50ed8dcbf69dc45e083207eb5abb31b0f863362c1207ce8bd3d5e829b3337dd89743f62eaa2dd1a305475e7b6d72b57d
11,\xc30d040703029b426994ffe3e0e078d23901797c05e26ff61a59b7bfa14fb4e2d8c36e772ac2de9b1fc6f51612b758a2764d4d86b4ec953a3d60bb691064b2b860e8301781abd902c655,\xc30d04070302586a69384507428262d24201dc5700efa28cea06c41fb020a05e558650823c4c8e5eac47cacd49b9849e90d8b5e50b7f3a06b9e4a8cb9469139695001c0e50e878ad562944815bfb9d3bc108ec,\xc30d0407030211dbb134e02bf66764d239014deef530dcaf6290f6277027f079b986b06606d96b243dbb7177bc87b1fa4b24ca07acd6cfd17872a5bec9fc68e11189720862f45a9c4518,\xc30d040703023f135fe091988fd866d24201dc3c4fbbb53dc015750df9c865121b5428afebfdbd0e81cbdbd27ec5713449e36bfdc8a67815741110327ffee7e446d17c27e80863a1765bb225b25602665b9ad4
12,\xc30d04070302427e4a5ee2fe443b74d239012a40d34690d29e1329471a06957b221bada9954ec3da55a0b8d75abcb59ac3d76eb235c44d9185275fead29398cd065fb4e928bab9954e07,\xc30d04070302346604ac9764618171d24201a476212b253d16eb28c4dea59ccb4df90675fb7e683848fd498701b77b0bf6b622c3fc36155ce8d5031773e6a42475d00819c2346b4e92eb1cdf5ef1e14522c997,\xc30d04070302dc332190f13a9d5e66d23901496dc0bdd5eac8ed7285adf3f5d362a67d7748da79fdf8b2e437aea400ced487428a7629c13b3ac2553a60ae9efb11e765f3b6adf56a2f82,\xc30d040703027d6f20e12ab5b72678d2420135f66389873e0a70f85471802f779047c9253cde75d4502ef2cf579815f8b57ff5bd7b0b3251344f171fad885dd8375219232e2bfb9367e8be24675b5ad0ad27c4
13,\xc30d04070302606191efd79eb3607cd23901ae15d892f0917af576faf96a84ab41fd4698117d41f1a639d396031c077bd730b0f6e0c7162915df5b48d73ffd955f8040f4d2d9a77f1ce4,\xc30d04070302a306680f4c34adce6ed242016400ff7b1f5d0eccb7a9a9269d908aa78934c2c8f37c40a6b13eb5eee9765ac39ae4e13830751b7259d57da73ef93503c91625c1969dbe36e2a848775d40406c2f,\xc30d04070302d70773cf85b6822773d239012015a77f5cf84a703502184e4c9c26a6a3bfa39f5b181eeae6d00125a8c019bcd43bc3ddeadb61e3d89c13a47f66f94b2ee152768f927f94,\xc30d040703022c0d78e354c6e57b7dd24201d9dd362d743114f2a503e9eef97685b926e151e1d101b208c56b7fc304344ef6bc67a24eb35943e0a911ca85f5d17211962e701371ee5d606bcaf5b643277e5b46
14,\xc30d0407030258cb82641692868272d23901874f518ba6a3cc73450ce723731bf55bdafb461686925c91b48564f62fe092425e2eeeae697ecafc1ed9da0b1bb1adce621ea533e4ab2dff,\xc30d040703024f6682a3078cc82262d2420160f9069713b7937f0154f4a413c895a426bfc2c6a2cab0a1ade60de6a05d9d1d88aecbe33e980ccac9d5109bd05ef5fc284357b8ec1d4c1941b4a70cd7fbe6ddc4,\xc30d04070302cc9957f53091451175d2390168057c80f3cb36eb50e3883d3d5a5cfb8b5a0026d7c695002b4864805aa8e33ba048e04c342b785774b674068a34f513da56c7a5a5cd1608,\xc30d04070302dfa10fe00857053560d242010f704993ac6f3d3111cb0d20e025323a0caa5e5cf95aea3636630fdee3b42206d76f6e53187ab02c4ed9983122fb81d2783ff92ac7f54b9604f4ea80eea1900edf
15,\xc30d04070302e1c9fd9d3060627678d239017bb7eedf58ef9b37ec2db8af55d229c05f925449ec04978b26a41c26c0a1a65ee31540911d7cd1c7fa3c63c5613947cfef21b3922e0bdf25,\xc30d040703022d01505c7951775977d2420195b0e247c1bd7c0410b2768a2bf09e44e3d52ed57141edb68af3edfa9e82387d8299c521922034d6fe7d4c9be395e8fe806bbdfa994fc5f70a6b2d532a40d59c54,\xc30d040703020226b33ea9667ad779d23901003ad4bab266dc6ac4d60abf640d0b370743b7a1ad0f8323ac80bd0fb764bd846918a0ee72144895903f9b670f61890a23e0c498a0d2bdfe,\xc30d0407030286a352fff33b37b172d24201a39666fbe5bb9354f7fac872141cd1d454700eed293a146b910bff08a1901809076d86d109c118f37964f335a8967989d62efe8a6e72fc822e64cf8f3373210ab5
16,\xc30d040703029ce1cad3e0f8884b76d23901e2b172ea3f863f1aaee69ba73a966d13f0e71aeeff5f764ddec9ad4341ad04600f0cdf60b12f52f72e02e6b7f01afccb2088e8e10dc0f155,\xc30d04070302528c27b34b232bd673d242015b5d12fb083e90ae4faedef0d45c968b8f4b6c653d00ae92fba4eacc00c0197ae24ec4b3f6bb2fc283f33277df66f0503c06c70fa92732ec0cd3a87e525dd1aaad,\xc30d04070302b92da14c707c04a673d23901a94e23405687870389ef8cfa6cd36b76e96c0af1c56656c5d7192b908c3b04258e4aafbe2a090d872a31234ef284569500704e16b35e5338,\xc30d04070302e3846109000530377dd24201007cccc97392c0c3f2afbeb82589767d3753c2b8914b2ea529476260036d82ee1931dc4c0de512e6c84369a832c5adec78160b818df4c52b4571b523f5fae06db7
17,\xc30d040703027309b32aa32f51c374d239017b02ac932dd12a6b98c3c8ac724fb64cb28ef1045ac633af1d834386247f26d137e274f4ff127ca2c68c0f4fb6c137730eb0d97896bb60ab,\xc30d040703021956ea8c7cfe8a2b6dd24201d2fd26c7f7158eed4d0d71e5134e5bf4c89acf625b36d812b2d31838b4cbb62ca8f5b068adf0d7c9fab9c9b95742843926d3a115941011875a57170406f1897281,\xc30d04070302d315e14c9174d68a7dd239018db5bdbde95c2834a614227c8ffcf1d71c6b085b5e0cda7e45b014df0283e18c32c43a740252a79a215a29702cdbaac693587a7aba8545e9,\xc30d04070302237b0bac11b8c35c62d242010fbb732435b26eda32d4e4489633379ed545b12ad512302165e37e4519093d5ded5d74c979082058b0bc3c4e602f3ae1e8c3bc48126cf270326dfb222747f5780d
18,\xc30d04070302c1cf65b60cad341078d2390117d0d69166823c89a798790609035e4579f052c0ac1884432c2f3388246ef51996acc90b379b01c118b84d408b88be9e9ca30f9ff90688d9,\xc30d04070302a241a804513c376160d24201bf475b27122807b4c4daaf0ec8834a8e00fbdcac667a43a15b680f0cfd861e626ade408acd58ea7ac2bb0faeb116018da418ac648d17d345fe5d491fa12d863061,\xc30d0407030258791b977d4ee23262d2390107f156baa076ef1c41a226912c1212903c8c9b3947e2fa9dcc0e7de1b425ba2ee5c3b79c745e43ff0ee0e70be09bea4cc38d485deea0b408,\xc30d04070302409c5f131754734a64d24201b4a18f925c4b5b338c06636137c26adf361499a7e7d65faebc001eb4753a8c43104785dde42b270ff3911935640cf3785b4f51a392640210a1e0538dc8f81ea25d
19,\xc30d0407030297211ac4aed2f69172d23901aab8ebbd39a4d198a7529a831f8d5557691997b3b964ccc3a585aa718fa24b491f1ae9f0683d903a2877670747e2701d56f14feae61fcb6d,\xc30d040703026cc3aae814eabb6c6ad24201d2f8ef5d57578560c552c805b232baf058c655b07d96bbce23850bd106c0b3b1f82c217fceca46c9dee7504ff8ec8cba4fe1daf55d0e66011354326df0158ca9d7,\xc30d040703021d4591a6727f5c4677d23901b849af161a7965542dd6dcbf4aec96c97cd99c849bd8be45c09cfdb6feb8de01864acdcbb979259ce73a036b099b8d654a9ff241f6387c37,\xc30d040703028f5c75c3b6eb9cba6ad242012ef9cd6041b602f2d9016aec9a7a77e76a7b17b53513b153f95f1efe0d57e5b423a49abab3fc24c747c0503b152993326001847231ac65f5e4ce51048fef95fa2e
20,\xc30d040703029d365db2cd6da15362d239015870042fcdf13e916485070f59a3fd9cee0142dec1fad9749b21db2b4ffeb97166b7304b0e2b1de212a866770f0eacaaf01b5017994acb72,\xc30d04070302df5b53f9682e8c466cd24201d7195ba9c9529cfb130f2c033403c4d28879594679beec81e26b29d0823d8ad49abf0f43e09536f534af2855587481330fe358be442915f23740c85ce165259852,\xc30d04070302cf60c028d7972a396dd23901ee586e072a76c900008b3d423db72b2fec3fd4b0e0f82dd5f741f85bd48006d320447951e2bbfe54990f37f04d86d1cd42f319f956213b7c,\xc30d0407030207fe2228c64d5a666fd242011703ce57230edc5b63dbbfb694d35e8cb53cdfbc0c33dcb45a9672c555c700487b05dc3269728c0fa5a67f76346d6d14dae75edb20f6caecdc89b7325857c89f6e
21,\xc30d04070302c43393541806bb777ed23901aaf4665402ec53db6f342ddac74dddf47fed5764b0b2596993613192ffc5f72798ff1f427934a2333bfcf114a63c76a7347513a2aef4fb5e,\xc30d0407030287071369618e469672d2420181f84cc3c8525a1edcbffc19ce221b2cae024191775451ba187722c30dbf1c075b0923e629c06a718977bf6bb16c0fe062b2f2befa5e653f5a1b9f9a347007c47f,\xc30d0407030212a5f99c433aa5fd68d23901e7b0b90c83199a0fccddd98935652eba3aa52bf4c9b4321a65fee24c36e9b80ff70ccaddccf9499eed17b06c7924f9c6d95d6df72b9ccb3e,\xc30d04070302e18c60fc9e48caf976d24201d7a47d1a0da9a709362986a7272b141615088fef3aae945b21baf2003ef452dce8e901e8aa83a2a73c65242e0c74b2a2ef8c96665d37a787077e2d097618e0bb06
22,\xc30d0407030209a4f9cde54510d061d239014f76acd3990a862fa2bff9c3bdfbd431335e1222113c04e09339b7f5a2766835097a73297d0015854f47e37030efd5f7b4f1a3935e3277a2,\xc30d04070302244a3fe64b909fd37bd2420111d7824ff68fb17563106e58f6b40454f0d15b60172b94f3a911ebe5a442df5f36cf2485fcc988aebbad172dfc4b96af608fa2d4eb434f882b7c96ca30f22fe4ff,\xc30d0407030272a06aa8957ec20f60d23901dfc1e58a762fb2d9417e61eb94600853117ab72c9d8f6abbfdfc0839b3b6715a81d2719265a0df6ee366067b21089ae9f4145b56e350aa2d,\xc30d04070302bbfb1fb880c637617fd24201a8728535064d55f8d62f1cb9dd02aff7c9650cbed209966debb6f9f194e9d468335a12755ad8d37bde8368013b93ad2922ecd649adaf74089f39ab76c93c2daede
23,\xc30d04070302188e3ec1df010c4078d23901a55f6c71b4ebfe2a8812a4f2023f7f33da0e1160535241fbf5d6ee247be5d51b94b82c62cb0f0393cf39a97dd819a560bd8683f708fc6155,\xc30d04070302ce8d32f3e4771b7279d24201ddec99299b74c46d6fe335e3e184ae73fd387cfd35561806f241368d0904ae2658610eb772a5e9901ee51eee9eb4068672ed86df5df2baf89707c3071da1de5d4e,\xc30d04070302e96f6f2bc8398abf66d23901c20d5873e528b03e3730e1d1a0788a51ac4c8f972276babc40c4309355143847b220202a50ae963a9b4519ade666e957baf198d2982037ff,\xc30d040703020ca60c4e6ba9bb4178d2420197d286bacb5422cb9e20a680427cd9dba5f0be2e136c392eae96ec376ee38621bb1dcbaa9b44aa85d109715c0d8061fdfc4940f522a1ef0af2c204f4cf6429b784
24,\xc30d04070302a4501a72368067ee6fd23901f1e7ecdd4304b0d52a6dbc79b21c196721d5a5ef9d88969a33c804c904fad61ca06702cdce2de8df7258caea432dbaa415dc7357d198dd26,\xc30d04070302def438066c72c8c270d24201c2da4de347dbd71301bac2c544e3a7284c4b8c5adc88a24dd6b3cec3d9ef471f3bebbc9a98e24abfe6f461048545ddb32af1e643f5b53f2eb36cbb8862c11e11d4,\xc30d040703028444a7bd08eac39174d23901ae1043b79b1c4fae37b856e270f497c8639a8050404c29a7224471fd3cd6705aa94872ce48ead1e0962a616bd35b582739edefadb313d2e9,\xc30d040703028ed48880dd8c3fe160d24201eeeaaf21695ff61358495e54d20d938d8fd657f8bdbfb7015f0e8a02bdea9dbc608e98c7cc9213bb53431ad70e4681addbebed05d601f700df28861bf4256c4caf
25,\xc30d040703021165edd8d5a1808663d2390185e97e718b5fa1b31a5671d366d222b5ecb66036e2006981e02a4340bd0ea065b4873ccece7dcb3b05bf67aa3281bedd992ebfb36177c0ac,\xc30d04070302ae12fb60e36ea20a64d24201cd4e446e846c39eb39968900feee2a0f3b9ab428f0c6c7bd6a0b4854e2c31502e1e501f2efd3893407b8de57670100d863bf85331bd7e698b571bd32ecdaf6beca,\xc30d040703022949e6e4c526a9f87dd23901de376be1f98c82674a0b0a5c1b392e29437987d86edc99f2bb8af10afd2388b74c8fe56877135696e5b5cd8e5a6b3dc72113b7cc3ec6189b,\xc30d04070302e25fbe880d28e13875d242017610cea1004c33b07e2d4ed7680d60e6316fd73a0fef6cc5859693d0ba7c37c1ec39ff415efedfde21d620b1c9712f0fc73a15a70f0d6b9a30df1c262882390a05
26,\xc30d040703029b658e5dadac274f69d2390175e76ac3665de7c4d96c76ae4c2aa4d9d764997ca76eb8d51a8399cde37baeb7234d8ce9c9c7f7b83a962a5c5a71ac690064d6fb48ac38ca,\xc30d0407030258ee786c8763d01764d242010a0a29125952e960bbe06d5b912c06963fc9a650dfe3d57e8f749df849b2b0ef6639ac39e174a1da67fb5f1f6dbefae953b1cfba1a4ec927799d5cd0b0fe6effc1,\xc30d04070302981f5dd5b1f2b7257fd23901c2fd5a4fa318683306312e1ace916950e2512a3487f6c429c4add62aa717bcf82e16c901511eb259cee8ec9152219b404dc77d3b257b8627,\xc30d040703023bc488ed45e2134466d242015e66b7205ca207d924e02cc8bb41510b0f4c063e415b469788b1f32dcfd5686b1db5872636efca00b28656aee0f67b8b2ee7b75acc33aa59a9659b472a83827d8d
27,\xc30d040703029c6bf0c095cbab817ad239019b7cb9b8064c7ced79b542d90997220bdaea41635f6b2616f4daf8bc40d811bec5e6cf2f663aae48b225fc7363a4a5298c6d7eb7d950bed1,\xc30d04070302a2d140521165d73968d242015ff63e7b04320ff097f8509ce3b9684e0f03f7877371ba6722e71cc644617436f4662b310bde0ab5ec0c6b494bca86cdefb075d9e55f1e48697a35eb0ec610c1b1,\xc30d04070302315bef5d578ce46770d239019d29476f28fa3292248aa5b7d65982f255abf0097da12eda1ee0d2042e40112f4f7f267414f854f1f284ce0a04fecb44f6c2cc1582fb1f8a,\xc30d04070302460e9504cf75c53b68d242019b86a3993f0758924414e2494bc6f321fd6cbe7d6c8b6400676ab082937372bfbe1b870250330019da417e719949d4873b2b962b1951288d4fd16e12ece957aaf4
28,\xc30d04070302459d1d5a9d09f27477d2390118ddfd5fc218bb35cb377553a72d56ba5cfeda4ceb236b1967c55d18b2844bb49b1964ad5f6f9854d919bd18b22d17dd14da304fba45cc51,\xc30d040703020ee7ee085694270c67d242018610ede08a0e13fa652b09981f9a422ddd0c538ba6801cc0be8969af830d4615e78172d1e0993eed2f9117b32e8998aca1db69cba51808f4458b037b2a97d77f6c,\xc30d0407030249748665c5f47c7963d23901e791059f7bbef7eed867d859a3dd35f8edaa26a61b7f080172de75d63977312878e284f04509c10a57a576e7baeeae03365cb95e3785eebe,\xc30d0407030275a949911d62819c7ed24201047a9ca173e10f9aa2b6a6da444b758325d8a1e54f341dfcd98d09bbffeced720db6d344a18fdf9cfb60540b2ede416cc3075dbc9345da2f4c2827c16be8817b8f
29,\xc30d040703021e632547698277a37bd239010baf965a9c2e0eb18d70bc7d95db0587bb22cdd0eca051f12e19c553bb919e4cbce2aa8e5ac55c0d191c81f54ec78739de47831e86da8be9,\xc30d0407030291a1368b86f580607fd2420141b516f875609ae523500cb8f3a114943e2b5d8d84a240a52c18b1eb4a1b6786882055ee1f82ce56e9a25993224e043a5d826ba7fb6f1ead5ca78c4262816be3f7,\xc30d040703025c8ead4cc632109e6ad23901f53c2063ad681a9e746644f631ba186dbed5dbf73f0c96aef05f4a46c1578cde1071d7291105ba21bd4ebf7b258d12dbba5287f8519c5c65,\xc30d0407030291c4e53ecc70f33a7ad24201746eb434c6c8bd5813f7e98ba9298a2a205f85b334b9bce421a3c9cd7d3b565e3cf853e850ac173aa6d28f11d1e09705a2013481f1cfe33c1ade86e9817c59ba28
30,\xc30d04070302983bf0ebd952143b61d2390144a4061e6e09c9270d6eae7edb75a091253399d51500ac98c2d49f179a70768067c02ef0421dc0bc64f918bc2df5438190cffbb8324eb26c,\xc30d04070302d512cb55821d079368d24201134b4e759ff47291a54cd488529d995ac2e78fc100920b060d7aafdd95b3892ae8c7e9d965f3c22ea0f911b2e692580e3f8597184b78dcd40e34a9c0fb343a5a0b,\xc30d04070302c085b2cfb09fa7596ad23901954100d310b3d48a2bdebefb987e70fe0d557bd6cecec8fa49eceb5c13cac1179b59ab19cc1b49c8d0e3359159addc2c90637c21e036e695,\xc30d04070302345a4b8c5f48024c6ed24201228e3581576c4e5361fd0a270f72acd47dd13353287619c0f6cc481f29d735acdd2a0672582d5576b229ca3fa99b5c629d8a73f075af2f82843546bd124ab85c69
31,\xc30d0407030245d4043eb3d1acb761d23901ff291985754528bc021eb0370be5833121b5c4eac43399761428a09098758180226128a0e9a58c16bc866ce1da367f40a8b1debe4af11748,\xc30d04070302e4f0757af9e28d7a6dd24201e12c0e500d43d8814270a4ff05de09ecf4e5f0550767ea212b8238cb31376a5566fb3d4308a8d42e0bf33eb2a364e2ca6739a566053ecdeb7d37753c9800ff4d72,\xc30d04070302a31fa9cdabfce4bf6ad239019c045c5eeab8a57120d10452cbed297097727455139147b0495f9d0ee60b965ce017e9427c0da753e2a39fbbbe5a59693d69dc589bbd3b05,\xc30d040703028b946c40b56ce4bd70d242012d7f69fe81f6f0b1b02d531f7947a27acca586698c407d1966430c9e134e392f22f9c2e12c3b69a4ed8a8244ecef0afe8677542983e127ac72964e08516a021dd4
32,\xc30d04070302eaa7c145129b11e77dd239013867646a195c295835a50440a5eb7087fb599d8e6d8cbe4faa8fdd65db22f89f793e3bca7a9f2c2bf87683be583246ef7a57c466ab08380a,\xc30d04070302b994553645b0f1c460d24201c3967a3b9254d6879d16325f5b742379bf2b30afdf6e380e6df325ff2f1aa8a6bde35bf7583fb80cdeda6210ab5ed0cd24a502068789a15c3d95382150adbaa17f,\xc30d040703024574acb0e5d7ba297dd23901f10540aa15b2abd68883557855205ba5dcb18d0bdc72c5fdff74ca1011bb42cdc4a17373e5532893cc86a9604737683b22ba766e166367aa,\xc30d04070302d7436d7ffb2f16e37cd2420130286c9db9c801dc47618b9b5a127a72f8d2c74c43db54c58553115ea5208724770f5be8f063237c34b33789bac85d5de230df3804edc829d865a0e3924d134f57
33,\xc30d0407030216431f727e9890c07dd23901d151a54bbe08244805eb9872a90c36e13c57140738c49920b7fe5089af6a491af40059f5eeb4d19c702e08d4feea968510f36456aa157f54,\xc30d04070302e031b1698616d7637cd24201775398b44d087e1d5211436aa0ffbf09598bd98981e02c54b703d435fe1407953188afe48e8456923fc833fd34d4372e9b6d4b266049090f68ce7093382433df90,\xc30d04070302eabbf7c2b9cbfee979d2390103f3d9fb7347b1af9421f4f44f7ed0114945d1fbe6f07fd25b42389e4d15f1293cb7abd6b9862fa1b2d0df0c6277614b1e29349608415ff4,\xc30d04070302a1220143bc95709971d242018f6fcbdf4a2211352834960eb72b223e8007e86116cf915aa37272b0ddb3d9344823a1322e001f8101488e8a214709c49f5b1eb9df9890e7edb11d3a847d8c427c
34,\xc30d040703022535bdf56d7d4e1b63d23901be096b27fd250fb26d56a9b4b401a225cb28bbff03f5233454b4d8ddd9258e7cedb5144a28b2bb839b0b5e265985be130f4d2ae0e6d615ea,\xc30d0407030237679def9f4425af68d2420162e02d40f87d358ee34b20b6f837b81078cdeded3bef98767b2dd83076cb7187b0c168ac990a4dfaa4411915fc30dc1a2171c1f58147fbfb3eb6bc8fe19a35893a,\xc30d04070302982187f720300f727dd239016b37b5b4c612086ffc6532f13b048ba84bed76eabedd1c51d5649a3209db0295e45834969d3c43392b196b5f0e8006be2b336e3ca250bb2c,\xc30d04070302ea67d35ec767bc7060d242017c31056c6e05686efa5cc7ea87b4b33abc1ef0705de5e4a0a6ff95b186972836d5d1dad4d45ab82b4ce55629cdc7fde276a92ec87c023f4897fbdeb431c0e2a329
35,\xc30d04070302b40036061d72996571d23901efadb6b53d80052c6b009ffa80bcfb83eea693a0fb6040727816ad5460fa85584fb438ef81f654eee837c2ae942d98d7c5fa1b815695b09a,\xc30d04070302c20ec20b3712f09f6bd2420113ab0f4179d94a45ffd6e4cebf5dfa7706e64e41ae94423062625922d5c1bb80a3686e6199a9ebbdb186466222c17435e8b75662bf99944dc2b4c78aa0b4c3d7b1,\xc30d040703026e6e2e1d7ab1246960d2390145618cff7acb1a2c64c6aa883def03a8c0542481e226c27faac1b73dc184e44f1dc45f900a752f797a96ee1a12c43453ce81446f94ccb275,\xc30d040703024c6316143117a18178d2420195f50accdb95127a9bcbd23eb1cc646c578a5b19b466ef1b8ea610a4dd61a1d7b4b7aec582bb0cce2dd75090aa63b0a7b47abcc871a36998f9ac1990622a07e322
36,\xc30d0407030232696b693aff899473d239010818b0a8022f6566e0bc0495ae2d8b719db9a8b991f260595432f04bf183dcddb7e71ff99be5ff078b22e2deb0d7920c5e6d9bcbb21efb97,\xc30d04070302346eec04f93474ab70d242012a44864f717e699f4e1cf4a0d3c9016994e0785289c32e6702e62d76c642200c315cfe2bc7553792915b993242f589e1999e57c23ec18844a8bf2b7cd6995c6c84,\xc30d04070302a962405a3038edbf70d2390110a91107c5fa2c505b5b1ee028a25fe838ffee0525cd797610483465575cf33a028f91757c9f422c0858fa3a13a3397da19f78c12eeb1604,\xc30d04070302575e6ee71bd2338c77d242015e756945ed8d7d4ad851e0c153c397d3c2876501d5d11fad1a93acd36fd7dcb84f57681c08d48862e357ce124f7ae5569f3a85b7c0fce7534eb31ab0ba5aee332a
37,\xc30d04070302e3b304c97dff8f8d6bd239012ad71fb44979afa023ae11e3d42dc7b0445e5f2a9b31082dbfcad9e6389a68c586647b3e7bd84870286323f29195598387334af61338b847,\xc30d040703026d3f229fa666b11f62d2420135cf948063e879537db24a8825a4708a363ea195157fcd3e491f103fc009efbdf48cf290e204de340c15327e57baff857a63ef83a619d3fba12f65c9cb5d9de2ec,\xc30d040703028b64dfb425a7905a69d2390191178580231f036990b4e2f10d2cc2a211cea9cdf3bd5cf7a3eb5e4de81ab4ff064033710aaab764b4d89f9285d34e6363f887dea132a596,\xc30d04070302e982a86f2934aa9e64d24201f46fdedf4260db49c24724fb3bd0b792599147d3d063704df52681c1c2ed54015569070cede7f68120be00a7bc47fe8ee0f32183c3130614169b05effcdbe95d12
38,\xc30d04070302bef68ac6f58a075d79d23901b88dc0335004042a7ca9c80b0aee66797d6c81dede4bd5ad79779cdc42b82638c97bbda17d8e23ce9a6800fc502290b47d65aff54ef40e75,\xc30d040703028f6f1c27c6947f9577d242016d747b1b9c85a3224285005da1bd4d55b4e2ad2fcf4369acff93613a0e62171f63363e4fb9d59d77eb63a6144a2b18a0cda0be85e97905b669ef78781e6df40dc1,\xc30d040703028976fd66491432d761d23901cb690066a4a3fe1de6a1436eb9c4a0439f570eee5d90fea87f4602d563222368b6893ff9e9b3b870ec7148c3b320b51c8bb9cbaf898c9a12,\xc30d04070302ec3fc6a7f2dbe17c61d24201daddfce9c2a4dd38b4e872907f9f58203228c257817c43a0e1ea5edd5a5dbcaddbfd4028712cdc13a92956f14e6b0bfae070398469ad26a8e7791e8c6dc8dea96a
39,\xc30d040703024f83f1f3c4db226c79d23901a056c016dd253e29f68f3c7c57e9125870a3eafe135b799feced805a4d9101d0a4862d329d509cc701f84f7ccefa76268ede4fb898fdbadc,\xc30d040703028c607c9eb4c0814374d242011c4c162758f740eadbf94aad3ee573b21c71f1ed5cf1732c07040587e6b0dcca60bbc9a47093fdc10d9eec2b878838f3846f1466693bf263fc8ec5dfcdff3355f3,\xc30d04070302e10634c39a9dc16e78d239014ca89c393d6d3be991be88957fc39d6643752287ab0ddd8700c9374c33f5428a506c1e9284c009721e65944783a3a8da895ed70d098298c2,\xc30d04070302770676b6f12c68617fd24201451cde0514bdb6a8f4e47295b465d3b45b563aeadd2c4690e2f41a215ed86808b3dddc6eaf46b4f8f5b7a223b5e681212d7266ddac0771b05b29c90df0007ab86e
40,\xc30d0407030219e1979f6518faa266d239014527ee2d46b1527e5beacf50253dad6019f571d4a16f640f6f563939ef1b3eaf3e5a1f1d79120336f1361f983f205bb20a1ca6fff03cff9d,\xc30d040703024ec74ac53b2448b068d242015966a89639f39be960102ef02d2caf0f0ae455fb687bb8cacedd8bf7a60c42703e60cddd232042462e6309089d317750c1399ac5cf7c74565c60f5baec969507c8,\xc30d040703026ad7d56fc2bcc73261d23901c5e77fa3df79362aadf6833d828db4624e4af24fa6fd9e37f2867e20ad89e4685bf422ef314373c42402967eed38e6da73b510e44681f6ea,\xc30d04070302c2733b162e7d9a7b67d242016852c196863b0b260768b53d4a606abbeaf7787d840c43e1bde43449b4cbcc3e47dba6003069a9e3660e784efaffcf1191fbf5985bd62aaf9098ffaddbbddde0fd
41,\xc30d0407030229cab61fc93a651f63d23901b537909b409393e49ac6fa1106c3c854068820589f7a931f79e600d92ad791427bb23c46f958a2fdfe8a8a3421b5833eab6d2892bbac5a0f,\xc30d040703021779878c43d1570769d242015a02f18e654a7ca71da5f146ee3c6de871a2f55c2a077b33efee0375988ef39d865ba6e1fc6ae102aa29df6f1ecd7421b0a690278f60eea9e368404086dce70516,\xc30d040703027edc18a5a47d524e66d239017990d1769a73991e74df7c4fd1c14c5314a7198a90aac03ccfb44ee212c180c57c784d8608f9c4a6698924571fd65063eb5d44f41d60f664,\xc30d0407030222e27fc6cfa6fccf6ad24201016b1503ae665c42ff1ba41a9be0d13e57239b5acbafd868440d9049548fb78f776e90e540266448c70aae22004da6ba7855dcf1dba7e80c62acf44301a77f6ddc
42,\xc30d04070302dfe0350fe80e0dc371d23901ae58740fe5324960f94bd953b16ec1380ee70c9f70d1fe90b497e8a44fcdb4e2b9e939ba6a95c32bb3b654b21108fa7476ef9adcad7b64db,\xc30d04070302ae679fee082e17026dd24201478b318388ec6b09e77126ffa98332d8161a4b7208afd2708d84234961998633bf8c4afe45ae13a34d2ec5a55e6dbd18bb8619508b831eece683797e420d21894e,\xc30d04070302b2cfa26014295bc561d23901bcc714fe91adca94bcd64a516717b0261cdf12b35e11f3d0fb40c88a35410b74816dc008a47b3ad774806e4d7e05e4ccb25755fbba2392de,\xc30d0407030238ac4a9578a12f5565d24201d064024d8c15df8a9137b0b1a6f8d4147f132a8d5ded09349019d8b895cb4f68abbf84a867db5145bf8e496bb1f401b6022752927203195757c2c13aa52acdb193
43,\xc30d040703020eb76232fb61795e76d2390125c09924a8de153a16b1e5ef862f0747b74643ba839c4b46b71a1ced882fdd498f04d14f026669aa554cfe2157ded75084433e29595e36f2,\xc30d0407030281ccb56dcc5a5eef69d24201f0c6dd50bda6c85fea0f1554e722f8fbdc38f76eb4d1302a0bd284d69e3afccdb100207c64202109c5f433aaca5f9af22a2b6c4158d6fa3abb5f911cc54b94ecc4,\xc30d040703022fb163df758e4f8466d239010a3c7dff0194a4cfa2a75ef80d8748b1021f6900ce7b6aaf4c75e59e99e4310b14d85d2f99b53bcc2a5a5007af79dc3e77b523faffa31bef,\xc30d04070302a7a8fc5eb60749986bd24201f814234aa02488ed34daa9161653925dd9810ec414456ae006324d41f4062353878147533a1a5287fdd03a7cb67c7bb485ae8a832c90d8520d5640e6e4e181cb70
44,\xc30d0407030236bc7be2214517916fd2390106a306622440f04b6c63062e8908e66645a45288aba5e158bde9183c57d20af8a5e3296d5d40033813917ab70752811e019b3c20007c0aa4,\xc30d04070302e072fcf6a52663277ad24201b26fd8de6ac84131ae417d4155def9fd170a00636a8c9b2971fe188f3437e985c54e3f903abc0232a71e433eb5281c74ee39c9b22d66d4e425d1494b802d05f5b2,\xc30d04070302140e0a0216b7d8ac6dd239014fb84f4d7137ef82ea8726e2ca59f3c6cbd18dc1f5d787b5ace2eee52042ea51c70617ca933929f058049ec729eb4c87316ebd1004fb18ed,\xc30d04070302fb91c41b993e45866dd24201f01121eb62445c9cc7409fa32ce83bcb8e2d0eb0574eebb6f00164a634be96483a7e34baed59041212160bd244c9eb182f1c7c3b9ce23b10bf07fef0c0212b31c6
45,\xc30d04070302383217271d4352d37bd23901f8483f645a90fbacad2b2819376d2b40e08ecdcf4cbe49b1765f88f8b3241e99049d145cc80e6ddc1e4128847dfb4fefc25a442e3ab29930,\xc30d04070302fba01a316fb228ab6bd24201de8150a77a56a5dc046218d1d8381be8b277d144a79eaa0be57ecabf3aab72726d8be0d17ba9f5219009a23b21525bf3466e66e45dfd41206fb29038c76dd8d1a8,\xc30d04070302e18302fee6baa16a70d239013f23d328461fd72a1d4583870e82dd89a9c078af9ff27e4459101e914120b5d199e88afeb73e965a746dab0e8753f09d4103b3a6542ccb84,\xc30d0407030287d900c00d8d51d361d242010ed14aaaaa91f4015c461a6c728fc41a20387766527b6f2187045ac85e8773755bfa584b4071f78584b133b49e10bcb2c74a262fa732fead55f3ee8adbcde2b8c1
46,\xc30d04070302ed56554591ac5d3764d23901570296b781e367073f6ca9600d7d0e66d9fa5849bdb159ce7784457ecdcc19a523fb357ba460dc6a72cb64b0928556f3bc14bc0e270f541c,\xc30d040703022f7cff55ec9121ae7ad242010d29adbc3417adb4173e4f7988721f8706055bbd8118e1af1a467f750a80c179bcefb388ab5556399b967da921dd7432311ae10c897a28f3cdaba2da2f61b58f5b,\xc30d04070302be907a95f3cd55a46ad23901e7b7e8b7c66c17f247607e9910f3e3d00ec28167fbaeb5901b7c46722d07df842bb0fcf299fd2f0872a96fbc111e539a49592032f58bb88d,\xc30d040703026104496e2683be9b79d24201619efad23d39f133294cc3eed9f5268162206fc04c540d06f1bf6f8c006a83b4f654ba16251c99b577bb95e83040274a0e141d6588371929c3a85f972adf33ba84
47,\xc30d040703026a5e917aac69f32e63d2390168289bf0dff8a648a7d1afe6e534e96dfbe9c9bb91625ac8b7b679cb3ee331522fccd6abdf23cbfd308b90041f0086cd2c9da5ec3706a1d1,\xc30d040703024e44fe8185ba209a76d242010c97453f9b6f5e9bbe9e1683082c2137f49c3cf4caf17b480f42a999de62d0dbfa13b13f25156eb6588845349050d77ba9f7192eefc761b29d5ec8dc95fb43aaba,\xc30d04070302e2e5e90a679b64d468d239013526803c36ce88098aaf164032e99ede2fbcc8f1ff2759f21fba777aad9815fe08af370c9b0f2061224063a93c371a3e8eefe6db9fc946fe,\xc30d040703027199ebb0ee5384a065d242015c429fa3af54743403c1566342219ffdc785cd2f614d350781ac32287a1111ebc84024b4563b90e2bda8dbc48d7b50401adbb7112cab55c86b2f72c634353bbf64
48,\xc30d0407030244dab58583c1ef3469d23901d20abca1a2c9706e84677ada88e0e251e2ff990c3506726651b6f9db35925c5eb2bfebfba8cdf97a57f6d9b15116d3aeedb1d829521c4161,\xc30d040703029a0412ef86d6be916bd2420179d8d186e7db0b6ecdfb9ef702b4a2d42e712ce6af2a93bb267141f42d79de41a41a506e98457a1b3cccf42c92ec301ad802608ae16cc2aabbc7307654ae652b4d,\xc30d0407030271a51615448f2ec469d23901014f0aa57fbca2147646e61bfbe17b5352a4c314dc69a8da8b44ed22d176fb93c07fd7ddc43b8642c681a100a217c7234c1b5660c20e4734,\xc30d04070302446953fdbfd085ea66d242011e0f2b3145980469dd83c24b0bb41a10d647f6305b0c9b9575822990da7d1c526af702386767e989969e23d0c0393e8e96498c00c18b2691272cf06bcf53e26a26
49,\xc30d040703026beb601887721fba6ed23901104e1d51ccb6cf8fbbaadc1ee577bfb89dba8e072aba75971154cd987930ea2bbf6198600d9459233d4d5baae0968350c9021ed344f9166d,\xc30d04070302926c1896212e4a7a70d2420198a62b32bd3f322d0a4f33a9a7a101309887505d1996ae965aad417941224677b7f66bddc4088ed80eab7cde2400045bbde8cb699d0cb8cef4f0e5511740b09234,\xc30d04070302320433a4d7f6ebe569d23901fb52d43656a5d7f1f8dc255d73153cef2a6f98170f6c6925cb5af74b9d62764096e2e935533679e4b711afe52e52c11e029039ee6f584a5a,\xc30d040703026654281f4fdb247c7ed24201ef00269c95341ccc098f6718f11b54b540e9362e7957d0d338efcde81f9c836345ebe17651030dbece393d5dedc98d36d137826b78166a13dde8d695255073b619
50,\xc30d04070302feedaf45ecadfc627dd239015d88ef6ba2582e6ad2b65599f366d2180e9a144b2bede1aad7bb04e307ee5990b557c258452d72d80263598a4e325fade64f6d5066f116a1,\xc30d04070302bca7c63c85bcb84666d24201a82eace0ad462fb51bf11ad6e7ee5a9c0711db4fa89fb94e28ab0b323479b662c206bb7d7723f0c338b075144acdfb5267d43cd84c3e5c8b0e765ba5111a9420bd,\xc30d040703026edc7f8f73ebcd4264d239012ff9b211530ed642c66de64073cabc10b956d0df833ba37e6841d8a9b1017d4729f48ca5b8f75beb89470c4b9b90b9b144eb185b95ffa208,\xc30d0407030234496c55e533e42169d242015bae4a6ddd3a0f68bfd5692e1d0d7af7f55118272c971361c7b923997997eb7e03b1d9411223fb640df0783bae1fca62e96f4cd6d0c8a1eeffc61b65c784d3fa4b
51,\xc30d04070302741dc2e09ead2c0c6fd2390123905d811c2c5efe669912fc9c2284fecdf0ad73f7fa503501e0391c3f4ea37e978dbcb1aec86b5223c61ddb3f9b89b2d933896e311be79b,\xc30d04070302da008ceaf3f77b9a6ad24201d82a372612646d97c75663bc4c23162439e46f536e6c25c04df638e384855e91deafcf1cc8f00236e135698ac3c3f27ab60eafdab3e8df24585419b6c1d432154f,\xc30d04070302e021fca635c2999f74d23901dbb5e1f38316d1d1c4ba8b4b296bbb03e7c244cc12009a2eee35b5050aa785ff3ad690eee77219ccc2b90f27d84ec4d5ea2c625ca36ce09f,\xc30d04070302578a89a5387e527970d242013f60dc501977a865ec03c448edf32940e61afdbd5384be2bfdbac5a8418d2eabc1f8da2f2fd28e8d787c9e4a785a6707a0497a59fe2ebfea5a9ef8bb012486643c
52,\xc30d04070302cde4ad8de943d0fe6fd239017c644313599d123b7de4f9fefd9ae24edf302f3266ebfc307a442fb463888631b9bfe54dd422d60fe2753543084a5866a50ace3c10963938,\xc30d040703021aa4ab615a25449e69d24201c7393b7abc0758829470d636fc9f903c5848eb408c1f528f6549c402903fffa8aa51b796f3dc00777df7d5b25f95186a5b8db74a2d5315a17ed3982e37bc1e6606,\xc30d0407030225959dd375b4102a67d23901ab6c86dde85ad2ca5db7059a5bff9c2098a48dbb2e30e9ec74e9a34893a023be2aad3232057e0df2e4172b2bd2837fd65ca0b4a18e137e9f,\xc30d04070302b291e309b4f2697875d24201f0d0090cdcee7abc73c9175dd8a6579f54ffacb77a15367ce12f01468f331d9872f9f31882c63b3daac1b6f658a258f0378998aeed2e10dc39f60d40fb9c0664d1
53,\xc30d04070302a23362a55387c73368d23901ff2d8fa589eb673ae1b2d3d909cce0614e2aefd879ce2e052a6a832850ddff4fa3b057cecf7679f84cf7de32aba408cff6018ff05b708d9b,\xc30d0407030258406fff081634837fd24201eb697ac3f2da7bd12cfd79d79d479b968bc696ec608dce927f6e7bd0ea475211665ff523ba1ae881d2f0f39512bcefc91287d2666757e08fbdaf3767edd25e4cb0,\xc30d04070302bdfd260beb52d6127fd239016096a34cd67ee5decde6de59965b4de3b52c68551b09523410ee4ad92b76c0dab75018dec2131a33e8076b879bf1106e47aac62283c2ee2d,\xc30d040703025e12807d192991fc7cd24201e5fb92761435182a2d617945d3ce4da8551afe8bd1c4dca5cd714c350eae15fbe56689c7ea3af637c301a83c0b2c46dd40c3a5923095b3e0b1f8075fd93c98c0e3
54,\xc30d04070302bf4256ff0f38f90267d23901e21d2be2f557616fab75f2ef1e9896038253892ba45bc45cf1baaf3a30cd9856baa300960d6fee144774759cb2559a6139876f906fe41b63,\xc30d04070302fb46bb160c382b5465d24201077fe4a22a8866bb3bb6b23d35b79d1e487d3bb60bf2af06987717536496e302c7cb0711ef2d96ac6f7ba44d5db21af66b501cc4902431b61ea5da74d05f3b5567,\xc30d04070302d5204200c6388dd965d239018d42312e61f149a4d904b29604c06a8a28111d65793d7496f1df6a117561c266def53b1e4cd1c59e8f3e9089375d24c472f53869f9006525,\xc30d04070302a8f602ee8f8891bb7ed2420193f65068e327006919af098d19313ffa0642ff84c0ecd2ec726874f5983b86cea03e06f938c5124292b0cc6bb6cf40310a377283796cc060cbdc66eec03ee872c3
55,\xc30d04070302eb40d0fc074b4acb74d23901a160d585bd86544cb5a576bef128857d4a33e617a4399462454867f8e8dfd681f47dae3b61a0f7b07feb004dd33238ab596fba911d3d0fed,\xc30d04070302bc72f04eb8862a3d60d24201c801ccf831191f4440a409af5234fc8cde1f3cf70b20540e33e0e5c2e0743ce1a32ac2492f1a4bed9b43f63176c2fd733c48f07696f07d02fe3c22bb8fc9e905d5,\xc30d04070302fc43da767806f8107ad23901ebabb0e8a5e52ac27f4fe6bede0dc64e891113753eed256de7ab3d0021256c302482e6a2ae034e3e74e143c40458282b8b1c2489c0235193,\xc30d04070302718bee4ccd06e19f74d242012423c506219de9509ad25660f0ed7ed2df725a66436cade6a06eda2e73cd817b7f317e6af4bf08805593922c832a12b1126b07b4fe503bb31ae640c21665826715
56,\xc30d040703025e0d74f6160f7bde60d23901bffe84dd4e2e9657b220f0f38836b5ca43b3ab7cc36379372ad54856b3557bc92e0691484635b5a890ae86e5cb618e9ef29a2e5735ee06c6,\xc30d040703021006f88dee82f8f162d2420173e7eae306f9c17ba0b86dfc76622e90a89e1211f79965a78ea341682e67e07497db518a053351aae109a7ea760a3760dc51a54de4ba99b6c8d2fc5cffb52af320,\xc30d04070302ca79f413ab78ed7963d239019b3d7bdc1e5b60f6fdb89b99f92ee716926f7b43bf09cccd9cdd29538e255d8dfaf2ed15ff1d8c2c41d7f0aafe86ce51450b15ce3a9d46ee,\xc30d04070302f5e52b28fea979fc6dd24201be5201dc4a4896a62872c1dd46aa6404b645e552ba46f8a90ca3f81cde80f1669012a587cba21f43d9e74b51a8d99929c5137ea02846d34c66a48107c9b7f69984
57,\xc30d04070302c9cc9ea8251583a56ed239015bd2e61370e682b64dc0af910d99a4f4fd56d0b8519d586dfaa8f6d8339abe9a643b22eb9e7e9e2638fffa4c5a82227a21f7556fe426d517,\xc30d04070302edbccb9f816d829f7bd242013fc1a12f2b5c801832458dba526c1c6d2db3633971e151567f4ab145ddef04f99eac882d175ddc84b81587b2997c93134812c1251a1e6e79d9a2fa3a5efca7c352,\xc30d040703028e2e4f8404d689b963d2390151170849015a7df4f716a35b35576e7e1395478008d2bd651f04b8fcdefcd26bccbe4070f7c8339ec385e43f30424a1d197ae409c84166cd,\xc30d040703027f95d46f27ba90c47ad24201bf4e91c06305b8358cbf97963afa25e16b7348f82b88c81276547f0bfb3a4cea45eb704b40ea21784bcded361da158fa9b2793f5fb8218305a612f2913dba71de5
58,\xc30d040703027d82df84512e8d0f72d239015266cc02747d09283eaae410494d2adcb4cfd52d2bd1859ed42bd4cd04ada672c464c6b4f7bcda5edf01888c5ef4b7cebf65a373adcc2271,\xc30d040703020bb4732b2fa5d25175d242015774a772b241323006a7e362bcec9ebc81ee6fff423d47c3beecca2f139d59b1cad9d078f41de0bd7aac1a37eccc888154a0e2bf33a9a039828733c5ecf2d16fb1,\xc30d0407030209e25b95cfd6b30b64d23901f14ce7c4a4723bf04ec22e3463960226c1bb67f44f51e179c5889b9e9540ae3866a73e281d6e00935981624b07e9fed45ad3151600d51749,\xc30d04070302af5a7e55093734c17bd24201d9e307f14703ca4c9dc5404ffa5c8b22b78b0a86de62f247ba12d040a16b90ebd1da7517731c4334b2de31872b53a4d86775669b63e4e1127272e2dd8885079566
59,\xc30d0407030232bff71a97e18d3b6cd23901bdfebc75f35f0784444c89ef7157d7b4830f753b77b2d29b9e5d61cb0bdfc19e1d88730ced9867eea4b51ff0f4e33d0ad1a0c27ac9026a58,\xc30d04070302a7d43b4e7e46ee336fd242016c7d229609e834ebeb0b58260a902b67af307f95a4d05153bc62eae62e7a56a4fef9811b7adbda314068a1203e95b8961d3f24ba05f91d1d6a5c386beaa4ee77b5,\xc30d040703029bda4858155ee91878d239010a8b586796b9d585d81f6c4a097fec74a212f3384c618386edf45b2f2e2f63fe5cdf6c73dcef7b998118a6f8dedd348ccded013d092209fd,\xc30d040703025e8a42dcb58a7b7568d24201247fbb16995bf7998b7815a00343d7c6e023d903b5a4745b23d9525e34096b8c7145b297924b51fd6b40b9584285a112e6f5fc4f167a428fde9300a3d724122cc2
60,\xc30d0407030274fec1de8a5f575379d23901d2141b90c31aa2cea96a31764f7524144faa7a2661841aba91f5afb5822f07330e654d3e460da206ed7acd204fd3cf1b208bccec0e3fe115,\xc30d040703027eaeff289741f0786ad24201ae08611340314bb73f22edc56fadcc44b73e94463c8c355170d28504244f87c51306d8f7ead7b5379e25e9b8b75dcecb93bf92d66325d9c79150d55d78e7bfe64f,\xc30d0407030220167c07f65577dc71d23901bb2a15ee80a6e3eaf0efd73047c56d5f3c844b800c989a1277603850b43a73e67ca4aaa02a32a681956e99c2665b9a74e3429c3a69e3db66,\xc30d040703025f9fbdbd5952b3007dd2420164429e1c51a68e482c93a154345e27b1552e5856a84b520cd78044363231848c390844381294fbae0fc77c39702fc6ec88a735cfe075c9e052143479730727a3a5
61,\xc30d040703026a0675111ec5966b61d239019a4f48265418d9fe2a260729fb8ef19fef42a7461c2134612b5e40c0760ea4285a160147bd56c3afa80bfac7ab73e46715eaac289c268f61,\xc30d04070302c657f2ef777b11bf7bd24201899bd4d4ba2015f37caeac146e322a5011324006bce5c288ebff608393af4131b9a46f707c2a303833aa1b2cc2e8bfc389da8da7213d72e82059a80abde3ff406b,\xc30d040703024110f44700708a0a7dd239015a3c8a443c38b14da6dbce18be60ecb78995079b7daf8414b1aebcdd4923e69d92eebe28716bb450be3264ef620419574129375049cef972,\xc30d04070302eb3f9a57edf4e4ff7cd24201ad11c36fcd727046685fdf7a3a99c130efea4df84fcfcee2b2291c3fa7c23b458efb432fa09ca3b97281a92dd1f80d68a5e0e5f315c2930c9f428322fce5d92125
62,\xc30d04070302de5af9bdf579a30471d239012b5e9a6c9a9ad7ca9097b14d08a16a73d2db4c6b86c2b518daa4a86e355d2be040cacae7194e410d51a55aa376cd17bfcf5d598dfdd0a065,\xc30d040703026b10b7cd059c726268d24201fd26b9943963802394b3d7b097bb95c693ad80d8ee246b4c9d9eb9e4f95661b036228994b04766a5c13f5c89dd392f9ea0722b2f86dca43c114c66647f6446a619,\xc30d0407030266fff2bc3a86783368d23901edc1a44f1303c6013f4c8298a57859f091c275b95cdc8d5c7d439b71667337dacd605e53aca72d176fb4e6684f9f9807a5caba57d2f5c7c7,\xc30d04070302a6daeb918ad97d7b7fd24201dc6c0ddfe4d5dcc27d5ba75d8c81b2c0565609928da5c188646d6c953d06ea2f61b6784ebc31ff29acacb03135eb23680b3765509eb28ac66a38ebaba20e100966
63,\xc30d04070302700c6de212e49d3b69d2390184582dc70e1cdc3d522b462c03f43a432c151e987be9fdf033211b45b0a0e5620914b6c83deb4b30ed63250439b792f6dc1c1850c349512b,\xc30d04070302bdbb18b12df5aae060d2420163d4edf271f4451875905139c333de534b20f4ed995b0262495996abaf9847c703149656862802c6a883d68e29ce373b93e91435f26ce0f6b2e56699558fcc3cae,\xc30d0407030203ac5e29a61c6fe770d239014322f55f05a2e569e303b290be0bc57604f7547fbde0bd5bb8f1ece6d24851065ce4caae4091f35066465220a4b02e12481078c1604e531a,\xc30d04070302c0e6e90ef91e903577d24201cde7e861b7ef8b300f19536eb15a4cc565794d0deabd28c1b26cf17ed1d45cab3377be2a69dba4129b5a0d657630c34fe6de67056ad67207b5489b8f3d764359ae
64,\xc30d04070302f0694875a69e857660d23901c225236bbcf8ae6495a87e46ecbae5224932f9e1f1572474644ac69dc0be2f6b248023c3bbcbd973e6a8227f2fd137203d2f945678598937,\xc30d040703028eaa1f52b9f572ae77d242016569931ad57989388038ba6578aa63b69681fc1d484a50c6cfdf34669919787f239abac8052b12c833d1f165210bf29835907eca51cf2ef0c2c9cf106495ead203,\xc30d04070302be4e6629b82a32aa62d239015e688e65d2d1088ec4662921c716943e2cdb048d838fed32cce14dedca26b5c6f323ac23722e9f56796147757c49436cdaf0dd4fddd29e3b,\xc30d04070302ae117c9bf83eaf557bd242017d7ad33f5e63a59351b97b0f5e0f726df5cd5c00afc7671ef4477700c78970a59990d858b2d357b7527cf1c9e749b706b679dec2f82691250caafb2ce88177fbb7
65,\xc30d0407030213cf57c3951dea187fd239010aa97bc0601bf18016d14e9df000858bcbb3fabf0cc45cca14fd6edc8450ea43f519693e8d7e6732e8e5befff2371dd418bf7a13821822b9,\xc30d04070302cb627b9abe425bef76d2420151bcaac30eedcdaa2f90d1443113c328c311dcde801c2bbeb286db0809d685dec27c8bcf7374e17484ba72aa1d2b8a702870d7df16f211a2d8ec9e994057a7221b,\xc30d040703029315b1cf897ade797cd23901c90f672b893abb07737ee3d937c992be550155dda1d4ba91786b8f7f688dd0afeed1982870c78b03007b5eda085ff59f3611786126b7b99b,\xc30d04070302ae1eece0c692a5b471d24201c15a5832777afb4150428f95925ffdff87630b8bc7b7d47b6eaa87bf5aa5c90ee10c8083c9a3013adedce25af618d2591fa58e4193f0337e77aaba42dddbcab4ce
66,\xc30d04070302c684b24dfbd4fd1371d239011d6dd5ef5e84457bf2943051f4343a63ab539ac05b17bbf594de904a2611657429e15d3cb1d129ffbeafa18a5cd3224b9caacd7959625486,\xc30d040703027fa92545a96a82cc6dd24201dad9de70eca874098c3f22e110e0fd821d0d0a82faa2257faa7e6768317bb3ddfdf10650a878ae811b10008820fc4d1455f33558cbf42e32232986a214c7e901bf,\xc30d04070302e9a4c367d076e85662d239012b001a06974ba02bb62b0e21fef416f8939d771a07f43f4cab7696bab643df0c4361ecf0dfd1a86440ebe5cd29d9cbdd3bce41ba2e3656b2,\xc30d040703021906548224ac9b756fd24201526e131a34b27cd30722c49ef4f527967bf9311d1ba356531011c1a08e4cc8b18b20f3813a2aeb39008c6557da6e322c201c67f726b7ac770471736abb7aebb3a5
67,\xc30d04070302059615a83e93188f6ed239016b939d82f103c332a5f7575cc5050851a023fd5c8ff57efedc933e0f237db875b47c78b1b3dbf6aa74fd471ef550ca2580e2573f5e72d0f9,\xc30d04070302d5a32f8ddf26270760d242010a15aa3b63354465b44c72215c3d806972a424a126db355dffeef2aacbbecd6c4a40944c04ff0506c79a514a36a3bc249acf154b898b95ac25a2bf3ca7a4d3865a,\xc30d04070302b1813b28f7920fc762d239013c4e9c3fff568aa76734093662035d6c4996f676774aed62b9530a2292c23e126cfe63733d7a5ccca6b714ebdcbcc339c1e7005b5922ea9c,\xc30d040703026afb55b5e35a459373d2420127574a82b67dc485ab1f7e9c69ef0140c7216cbd95dcaba006d6dcc7eefc447fc81f4e4227c84dd7279072c27a6795e6a41297272075982abdb7892d3ac6436c4e
68,\xc30d04070302784c32d2d72898a570d23901f23b495fb344bf277a5e1128499543a082dd27ec59b7c19b4ceb40e504171443ed34a920e6efae506fe1137cd60e89bd2215757d6e90be21,\xc30d04070302e91de38d296fc8f771d2420166def37f875f98c44d2fbaa89385258c899b94c29a975808b27069a6b9fea774af76ddadaf8c43517ec5b251bb620d3594cb4e65c71be535fb5db7e9c6195b7e45,\xc30d04070302c5dd9a518bf93b5275d2390101af5efebeb8a26b71b23f3a9fe9c62d91aef1d8a2a0dcee0e1d14138e80b737cf1261f3f87587e80821f732cef418c73d2ec94f1d22bdfa,\xc30d0407030273c8f4f304b5ea5b6cd24201b989c9cc8d50f0e3cce9adbdfe4bf29bb00505e993360e9cb18dbaa441774f606c8b8bbe2d22f6226545c9afda20dcd232c6856551d67b7d514e0d908dc5512f6e
69,\xc30d04070302ace84fbd5f71c2f66dd239016aa28ec75a2489d9816a4d929b52eb656eb1ccfc941e2d0fb954a65052a8d8dbabc208807be53d74f8727d1a0cc0da6c72cc40aba1b0f325,\xc30d04070302162c469bef359ff97dd242010e2ab10b6ff6f378b31abdbc1e85f63fb7754b999f6938c9806934d90eda7972eacad09624e63713d048a2c063f7e556b3b46b0323300207e7d3329cfb0c403d8b,\xc30d04070302642e5718cca3e84f7fd23901ef296bb0d073ad7e06ab723b450c6e0f856dda6705d0fe59da502bf83eb3ec32d665de5988439f71d9d2ca50310e3abc6a65b3f30b488c87,\xc30d0407030206f70b82b87bd89679d24201c6d49154d394e99eac929bb93efa199af92934cab59bfd9d6d5d8fa5c8692c09604838844cd4f67b30a7c1ec0a858cb68f3a99a2168187d75b287a666284949b58
70,\xc30d040703028414b8266c2037d275d239016868fe3a9cd80cb4d56595d6f7ce4d354b9c072f0b58f4cef2b9aa79b4f7b3d2f09b2131d8e3950e66a75b10ef00784ce82c7f197b5a792f,\xc30d04070302a7c01d05d7e299c266d24201ab284508d48b8fb3f038b615314e0befad5536334d2ee9182fdde1c4a0aa8a3b18296fe8059b48850ff05234a9b150e8f06a0982ce466d01c70a99cb432ee595c4,\xc30d04070302b0f1c5b40f2cedb679d23901d4a1de81d2bd6699a82ccca7f755cb02bac811c7c9daf9bf1d0e955de22c1b999b2045bd17981d6bafa76f4e6a78df154580d79179b7999e,\xc30d040703029a8cebfe0b618c7365d2420168e95326551efcbbe41ea92fb751c55429db0b4603ce6422b649c3fba37e5035bb27b25ceba1586c8c0205c0f67482ba18d7e87ec1c52bb6b6a4aa3fabc47e455f
71,\xc30d0407030207c41e0def9f6fa77dd23901faac7345d927ed3c5cb6ec54b99e2ad34778eef14b7da6f21a7adcefca18d7d351c618299824ee1b5a8d3834864f665f76cec9b233b13081,\xc30d04070302910cfc947eba3a1178d24201faf6a7f8e1aa9f56fef55d881d8dd181c8e1ac349898e66f2a0b95bcfd3a45724e09d196b087c3c0262c719270705510d0c2a25b810d450fc195f6b5834bf09d8a,\xc30d04070302a7798d5902930cee6dd239014ae16d8f2d607a38b747f5ac0be9928c6b9c98e8aa93300e8223c01beee5a5778a15b61decae66c20e4bb96120432ac5898195220fee9923,\xc30d04070302e2a31f346903f9846dd242018d977d686960efe6832bfe50ce6c0635f92afd4ca0ad33a89c96d5c2e99dc62237e5b228d534e49b13b3384d907ccc36258a879918f74b39700d29d1f635673c51
72,\xc30d04070302a7f1b3d4e00143c860d239011f0bf6edf99bc32e17b3f7d97c0d82aa835821a06eef1d02fe6cb1f0b18117528b49bfe26cf53f3c6ca028116fe6e69e4978a23a618bdf92,\xc30d0407030295c6655c86b2f47f68d24201a760434dadd168923fd02bae7f65580d947beb6d2e631ca499c562e7f87ba121b1808141488dca50f3145f5c8f65364871383f8e0ef491a1c631e5a9225e6d5cbb,\xc30d040703029d658436b192f83965d2390184fbe02d18ba85770aa2da301edfa9b6e89cda15c9f974541c0666ff43f5527904602453646728776a16e3aa8d386d6ade0c9f6076afda1e,\xc30d04070302f232cced1b32e4977ad24201cf1c649a4b9c0d9654043c1639eb9fa2aff2a60588fe20848925001c3a7e25cab14015437a7e5dca44daecc71cf64b90b7b7b826bc37672a5edf0bcc7f87bd7956
73,\xc30d0407030288fd66fba9ac2e6566d2390162032cf1e5fcc0698b16b01a412915b8a44c2ae73e8a8ecb2a37c02d90b37d5e42c3a59d350c44ebb6ab28a348053dc08bc2e0cfa643abf5,\xc30d04070302dcbf5661881455a263d24201d5e5540254f6d28b646f7cc053785a832b72b3c1ece64f1ed9c7808b6003fdb10dae43c99ad0eef3b700e7e1e0b1ccf3d804acba3a11cc10957d7d0335a3181d60,\xc30d04070302f98037c9b945292a7ad23901c50c5204d1ae4e6b164646f3c371d12c16a0e3c5607f5981b1a0b85f71b5ae47b41863851bb8d4a508805ac25942fb7ad554b4e412935901,\xc30d0407030249e5dc3c0820a51d7dd2420192cb30e92a0409ef435be3b54d6453483a96e082c17ef1ad4fc1a754b3edd006479cf7f19c00504bcfec192a1980678abf01399e8fe0a9492c79badcbd65c863da
74,\xc30d04070302b2c8a17e3bf8d35d69d23901a9759e0617489579543d9181a9f51cce3214fd281f33edea6a67de1b47b6ad399cc8a456ea13fa137cdc9ab6018bc3fd4f74a5d2952d4ab1,\xc30d040703025bda3ff1895413816dd24201309234278c6e89403c9a9b2d0a062084c9c071bbb64fc5d4b5ddae9c6562f77c955ddf23beeaacf4b2296c587c7a728eab276192210498d1c824c87f8f588fabc7,\xc30d040703027ad0b17abba466cd76d239010a02697cad09503b18cb3af8645963a085f035ebb8a0d67886bc9d16f00b7a541b5d7874dd52f69e23e33eddbe20e2767f3a8a7ce7f78c31,\xc30d04070302f6590e56a708449673d242017d16fe79d620cf8763cdbf1c77fe5fe1403f37b96471a7cb537dece2abbb10a526cd742105b1e81d9a23af2f961503b215fe04499260370d87346b337ed717ef16
75,\xc30d04070302d328950b1ae2845c73d2390136f45fff7e867c7715ef6eeb1913b2326ea54a44324120afbd8036a3ea2a8105a19485ca134b4bdb8ca56c8da314c219a42e72f0a4a6a903,\xc30d0407030258c78ef33237e3ce7ad2420186e267da062415e092108e59d0e573bc52b779904eab6da79ecd59682a210af0d59a54f29b109f25a4f8d73e9c5536645475178a4499637312ff68b14190e17b5c,\xc30d040703026842a56bf76ce2596fd23901b91121884d3aa02aefb8b0e76ce489d281a0dac1469ad372e90c6de8593aeae039e0fd9e0ea23909072c5d8925f395af6fe781434dc06f8d,\xc30d04070302224b1fca462343ac65d2420130be8663ca69a73d723ad057723a68d1f4d12168430cc334571c7bc05dbd28f6bd8aa7ec3ab1401460443ff5e0fe0618e060ef816dcbb123adb98da21570b60f57
76,\xc30d04070302f2f25dd610d255fe64d23901a12c3c7c64b20d61a1d6935285e6ba8bdd8dff0eb96ddf6d3162e782f48d3214fe7e76c5770dd7b94749c83a8aeab46c773300aa96140b09,\xc30d04070302345fa7b01948015c63d242015d31d0b407ea7548b27e73ccae8f50d0a45b6e42e15d8c5868a86bb09993c75063fc2702bfc33e9b18291ad9f4d79ecaaac321a62ebf4e801093f95f844f4513af,\xc30d0407030269cee54323576b4274d23901d33ca98f202cc40f95582c1975b6c8035b7a65caaa161d2e9437a77ab6213cada11611b747d76ba1ec8c2c227ccecdcab78038fd6345ed62,\xc30d0407030230517efcb597ba467cd242011ac5988ede0191a75632eec54ca3f0f5c914edeab42751567799ce88603814e531c6c084d0a88c68aa66082fffdbad03a17b9fbb4975a7ade30378ba40471ebae2
77,\xc30d04070302fbf7ccb540459e1569d239017390a17171a1275ffeff8f28063df757a8a6688ef0f7494698ddfb1d6f0d151f1eda1c7ca7fee989fc629e03ab5ca312110396c64dee9795,\xc30d040703023c2c36d97ac567c66ed242011ad479f6e79d981d5146d22740f31dc6d686e05f86902edbf87b2893c7b3f78e6b25d916d42f64b1f65a2b75f7138118eb277d348f9cb77dfa10fb7cab7e1285a3,\xc30d04070302368777f6c66bcaa576d2390167032c8edcdfc65fc13f17b02bae71c0a90b1aeb25b6d1eefe32fc5ddc48d8848812d44b3286c547628dd69bfab5309ca39ded56e2b55a22,\xc30d040703022c6edc10970a4ffa75d242010f69e1afddf3143bf7e5dbf2d19ad52e56430e4ebf441f2dac83651bedade4abe9e3279efaf85ef1a0ca3c8ef05789ed61eb8c9eb9489424e35d0b6da912d74768
78,\xc30d0407030204ae5d8ac9515de667d239010a77c86a74098e8ba97ae6752bc96b8b52c27ae0e97b693e57a9236bd46b61ad999df27adb650d1ab5877b01291be0090afd52ec03e09273,\xc30d04070302bcd8b37c11cb5e6e7dd24201dedfdd4a7109161b23e3d825b8bed4de4eeade705ab948e6b08bfe0031065c200ac7de50f15b96946a882b7083f58c148dddd45bf04e69a47c293403fabc576bc1,\xc30d04070302a56d96919850184377d23901bd4ac45cc0b61ecb078252e8c6c20741926dec0433e1fc2db82653622b5c53d7c231b3c5b7f360383fa038b242723f6d659203c0aa430d83,\xc30d04070302bc8ba306dad48e1065d242017f4f9a0494716bdce667860087801381242bf1c2bc301fe72d2bafc5c270ca45a620816d66001c0faddbce3c293269c0eb563a523f0843ef2c6960590f63836ce5
79,\xc30d04070302b401b6b7eef7f0797dd2390186c592eb9bcf6b2ee8a92fdf9f13452d8e8c7db03379689099ebe3db01de18ebfe50931c722d1e4582777894de02d9fc542ae027e6ad7e76,\xc30d040703021d333adb097f661a68d24201def969b9d795abb7d11144c8d01fcb600d00cab53ff253c32d1375f71df333ed2c09d1180c83d7275ae017c40fa6659d2197e16e942a4ae9bf2b7ee6efef920717,\xc30d04070302c83e4fdbcfa8e86e64d23901026661551fbc41c549afd1dabebe7a8d67c0a613dc0a17c57df8c12650232d45136aca4a1ca8a5635c64426596903f2f1973cb101ed278a4,\xc30d0407030266d39e05ad2023466ad242016faa845e1f48d9bfcf0605f107e59f65abf4cba81e89f0401beab5751b8791e2cf4ec8e66fb92c4d04540a166fbc8955fea8c55b907db6394e84ed82127815c32c
80,\xc30d04070302bb098e032cdde6b47dd23901d8711bc1f887113638b3ac2e96d632d2346277ba7d7c9e35e09a568ed484d67de349618626c55ac45cff80895a2027de35b0336bc045b451,\xc30d04070302cf0d34caf9f8710877d2420173a6c0ae585359931f696bf74a6c8072780201ef9b29321f5397f05c7eaa8782f1c551dfc520668f8a63d62048c9d615381f21f37fac7df62a854d1b75f4278c1e,\xc30d04070302b3c83334728e08c97ad23901ee8b78a4e8b9c89f7f0f206a67f065347d284cdfb09858a132b8ae9e4f645ad9639dc414e4f0cdb3839aae7a6e0e4bf95b219ef7007e4442,\xc30d04070302fe663cfc234694e178d2420190bb9ecfc3e94c74932b820f790d4344fc48000f3052d751ba951f0c44c4694e37654ad31bec8abc003e8400ab383a113b6dd6f931e11486af239151324c9c2b3f
81,\xc30d040703023ed2f8c748ba90f073d239019fb6b97ff8637741bb0fcf8e3b40bfdf030895d034081c20b4a58b3a2be65549125647225424ba21af39183ee0deec7cfa05aec80488785b,\xc30d04070302d98ca0a66e9736e479d24201f18c4d7827b12154b3fe4c1ef7ec2beaf3974bb79e33ab7e7bfbd1503f1b505b6de59f184d00ba39f9dd4e9fc33ec8a6bf2a2c6b0100afce726d9c109b4abb5d2e,\xc30d040703029550c639740b1e0b6dd239011156a0301c7c38d95d6c3f371131891bfe292ca94321932e735ffd91c909ed32ddb2acf0b7ffcb281a663594ff37617e70a264c24a449f10,\xc30d04070302f755b17b9cc765ed6ed24201cf72b2175a84a0e2dd9f1f487b10205d126dbf35fc23640393c6dee63df0b84a54a4c30963a8f70a999d8bd2cadda8ce062b9ef91b13d54d075a9c0b1282806708
82,\xc30d040703022adb05a0507d63d175d23901d721877e3a23dd72b90f8c13863d9791de8f96ce9f39548931bd3a4d6c81aa2f495632acb7f225d89e871b88690eda6722b1cd48f90dbd49,\xc30d04070302ab7b6804082a108174d24201dec5820eb43c5a6f8f7c92875a116aa98d2e9cf56792580643bf8c46e1624cb69c0662fea2d1f4ee66670c3fdc5d5ea50b3b72357683ca27a8d40404a441c4998a,\xc30d04070302e37eaa1f0fac0ee06ed2390178040a0ad171d35772ef7d7824e5279fc47d09fb1a9bbe1901eb99272f88c4ee2461fcaaa18c03251e7191a181c4ada33710f0fcac215b90,\xc30d040703020ecdfa44a4f218476fd2420181c203880c84084fce59b48e903b0bccc667b4635f9a8f9fd140d2c1913ebb13b1359eb7289d4bf8aa938c47fb4e0eff5dadfef556156a42b25bd9d9741f488040
83,\xc30d0407030275aa7e024e9d04e76fd239013369d2efc25367d4b31f210bf1020c47b3bf032a1fa0bd7e620a85ad937130403b709bb92b6e82ddcbab09dd23468544831676cf20368815,\xc30d04070302870c5e7c466135b77bd2420146f11b0fdcdf9968e122812cf3ee3ea80fded5c9bec39a0cf481b55b3f46f52989a0a15f9261165c174b2ee342162a32f4f5f25a644d5d6ce5ec4f3abed3997c9e,\xc30d04070302a3bee948310a76ea68d23901a33bb4fa9232500f00b0fca855ffb457074593535b97d510b117baf721b83d7eb052712c338b43c77aa85ea955b2708f475c975554d01bf5,\xc30d040703023dd121cea58f4e1f6cd242011f4323bceab092208314ce7dc7b8baf7320017da5c98472ed3d0a6c5c7d3ee55c38dbc3e5a875b045b29cf2e0738185e33e0b86547707941a88b0cd2ecc658c378
84,\xc30d0407030262c656d5d86a5d0b6cd23901904e63221a7863e4d4bbbe7974e9ff3df1387469671c983403a2b263fc04525e3c6b3f16418456b83d5672243a8ab0fa96cb6402333622c3,\xc30d04070302146261a5c59c6b4b65d24201b0252cc92200716428be04b2190b56b17e53d427af458a758a80aed54a5fd6befd20e7029fb64277e6e35ecd6d0fc631d27452aecfc05159c4b9991f849733f33c,\xc30d04070302cce957754bc83af064d239019d2a45ad376471fe770a939807101e5e5ff2d8d2a4343a663798f01c4110ada572c68c572dc346517c1788d4a7b61db2f64357d0a239bd18,\xc30d04070302534b1d4387e9328566d242014ac6ce263c923a9afc87f4a67cf7fae8245d695f745a311ead68c380125cd90904e4f910b476065999323d9480f62d9f350f5431edfcad7c3b9df94cbaca19e0e8
85,\xc30d0407030287204cf569be18f46fd239016213ceb27a63f9d30ddaa234586701cd52cc66cab39f386a31ec60da4a0260834e7e3fea65a47af69e9de88cf9458e5eb3bb44dc795212c5,\xc30d040703020683a033bf2045e069d2420190d09e3e784a4f065d2542bf80d52bdb31a1410ebc28ef9d65a8b2f43c4bb1898aaed7255ab3b4aefeefa58e82d6544e12ae9f4be34fb488448b5795ea74e85694,\xc30d0407030245cc916e00974bea63d23901ccfbebac8f59618015330f9e0ae86d67ceb85111ad9c563b91451104460c5cff475827cec09de0fb5ee78272028b296848bf7c957d89b039,\xc30d0407030237aed0f66774cf497fd2420112324382495785bdb525b62e7943cc78418255353729a4bbc7d3a194b4190c6f0d213fd5227fdea4051174232388889b385d6c3429d9216223e916908eeb5ead59
86,\xc30d040703023e7aa3db99434fe17bd239014344c03357fd05541938a7ec7df4d1904512658605d4f68152fbd2a1b2e19b632a878a3219f63f1e2b5f46c58ec85f6d807d5b42f4943b25,\xc30d04070302cfacdc52290cb69d78d24201fca12b8c84b8f8159352d5c0710a6dd1e86a203878e09012f19adcd5505ed71d40695b51ba3d50bc0579de1ce3e26a1e18e09bcfbfb954309f46fe4643ff488102,\xc30d04070302d034c07b4ba80cc771d239012fdcac658dbc282c52c5d14310f4d1e1a323991eddcbb00976ecdae9aa20b2cabb498ddd28ddb2b632af8ba80ab3e92dd24b72dbf04c41d8,\xc30d04070302a04e856c67092a7967d242018264b4907432fed8c65e59e2f2fea7d8e728844b57075d5997e2be183e4d3237166aa3fa49d591e408cbea1b250d41ddc304a99c19e14c2d652e6bfdb55fe3122e
87,\xc30d04070302587ed933933cdf0564d23901edc13b7fa3ea399113e82c386fa2f5ce3c6ea9ea8fa1ffd0bef0d8e901b6d03d693794eab4153af199c9b647c1fde47069496efaf6b99b83,\xc30d04070302b69befa5aa9e7ccc63d242014e0607cc93ecf15520291e16501523b9d9d7ce146b542e13a47b20ccd1fe91f10f387ca2ae5abc3c0f65a73c62a26bff1453b7efa9cd92cf6828926aacabe79f9f,\xc30d040703024f315dfd7fac47756dd2390109df9647cab36b60d55b4e83e7370bb722ca34353581fb46357cbc55eed9156f15d67504d90e6b31e5199788972aef97f18419bde44a1229,\xc30d04070302304ffd0e6b83682460d2420186dd333e0f8be43b63eac7cd6266f17cfb83b99fb718c38f2aa50b93ce0fab0b503c6da9e37056301deaece78e51096dbb680be41688872b78541303cd4f39be9f
88,\xc30d04070302292beb5fc0c3fb5761d23901e8b2322994e0ab9af427203a6d76184d42b47952da6c5e159c5c8fbadcec9a7087869b80594c96bb52559946b89eebc315b7dc615f64bfd8,\xc30d0407030254381dbbcb87e9b969d24201e8e0034fe9d60cb0927fe501e7b8f10efd3f4fc36f7c68bc1286f4fcc0a2d85b1204a82abfab843ec093ab4b3c6ec8e94ea8d2eee28f51aa1ac037940219ebe9b4,\xc30d040703021232196d91302e4572d23901f970eeea2658110fa65c65c77eb8081a6e2c4ce7bdd647bc5e853fc40cd0a8efe1fe78bcf2f4fb9940e85bd214ae13f4de993602576a0a54,\xc30d04070302f5ba63e66694d52d6cd24201eeba579d0384630e537f0d01f400ec5188a7ae1dc6c2fc4753d8ee45f569371c7314373a941ffbcf8e6a901d0127e4cd7e7b600c8ac4faeca993394be7f6831bf1
89,\xc30d04070302f14c29daf61b90f67dd23901b4e7f1e7036b7ef2318c2ce96a4bf72fc3b9271ad8e8cf0a830f20ed0f5f9c3be2039d869c8d35eefc4af51137130a48007cff6029aebc49,\xc30d0407030202ae3043dcbfdcef6cd2420185494094f2dc98c9e18321187997e32e6fdc0a1ae432e8575b76dd083a5c59c9376656ae1da900e53b414a2668d544ca415cf6a8fb3c26d03d319f746f338e3398,\xc30d0407030271adac6c5335d9c961d2390132f26bcf035397c47a1f07feedc9599da730b14931dab50e949317bd8eba26583874f74ec4815b3e880c701e08b2d295903502200a7f9116,\xc30d04070302e641192e90622c1761d24201968d415b7908b0bb03000b9506b6f3d630c8c99af32206670a5fc622aa00a842122de2f298a104b5c697afb5a35243dfc61897353baad9e6d79f0d12f36361ce7b
90,\xc30d0407030271f56f15c9ce867966d23901b70a97d39511211da907a446af8d73a58eed038a194e51d51c0b6d003e22e6acc083f26305f6575e6303a863c9de3aef87bf9eae87a9953c,\xc30d04070302e7584141b8837d336ed242015d645fba5cefbe5379fd2231b9d5291f815039a573996cb173abc366d611ee0ad9467d5a14759c6a19aad3dddb2fe77d018fd0240861fb285f8bf7afcb1b17d62f,\xc30d040703021b060280942909a26ad23901b0eaf6a5814397f7600f05e4eec7caa55591f588cd09b285413afb10667a7af865a7210cb1e1d64bfe6f47c0d62ccee852c4e2942bee4763,\xc30d04070302e289867422ed4eda7fd24201fb9c88d0c318129045cb5c108f60ec4bdadb2bf0feaec356f17b9a15be9d21571c1b7a4485c30621ec91d09aeacb549a3092bd846b9ba5422fd4e2fe7c06b4404f
91,\xc30d04070302a3255abad58465396fd239019913c5f6b1d6394fd98af7012b948e364f0719a17fce5c79ce1dbefb8477ed404668d4b16ff3ecca30cec70179edd3b663756d22092f94b6,\xc30d04070302af2c70f7734174197fd24201484615eae9d40912e3c7e6cadda9c0ddc3aeb30ac8e6024a4e25ca1aa4dd5c1579523d7218be2a162908656bd2074f242cc5f8fa209628e01908b3f550d60e68e6,\xc30d04070302e1d444dd4a0e072468d2390113eef430e79eb88795afa7606151c8cf3b51a78dbe7a0310d135e3078b3f58d54535003b56cecd3d3796ae7ba1df8faa405a9fca99a6f35e,\xc30d040703025f4c49685d70af2c68d24201269ba580d229319a2b54384268407731c7d37fdae42432b071a6395021b2669da5f656c0effc42d625fc67c4cbafab0f33dde1c54764371f0eb75d610e399a43eb
92,\xc30d04070302492d3e4dd95b0a026ed2390114d9d21b2b7b221dc02bfa07444fb73fb16d1bc34aac8703e333675868b19f16b6e7396b2fbf055325b10926c1421961ebf86ced75fab060,\xc30d04070302730a50f580275d2364d24201e7b5e3e0c3d30254ca041db45f71c96b0843d187385cc181456c6e0a09eccf9ac3b78f80041d83ea0518e8379c355b101c8a02beed8552550f73b86895225cc7f9,\xc30d040703027b0459d5bc01120b63d239019cf93fb1275eafe4ca774b5d97148b5a1c4310ddbbe411f0fb3b8644b2762ba935ed79622130f5e878d144aa973824c661e84a7213f27009,\xc30d040703029a098d6ec89979e263d242017af34c5c1a60be74db9a85e8e66abbb44aed8a7809b316cf2bd0e5b43ade126abe75514c6c5d7d8bb3cfe7b0d56026de48df3fce200189e849c769adaf7c316a3d
93,\xc30d04070302525e6bc72a45364971d239012b2ef1ae4a738e2961d792c306f5185250d544421f71abdafd7828018f4e31bbd5981e412264bdea44275436133c180477965897197dd750,\xc30d040703028527e55a2205874c62d2420144bc9b85a3bc3b478b39e8fc5ae7f39b8a777f6520f4dd67100eb7ca230a31a449106120ce28592279bb05877ed987dfbb86cb87dc4014d453e95fbc3d972db767,\xc30d040703026cefc39ac53472047ad2390101eaf829c7be457a355f029d2779c3e780da73b84bb39e7ba3c9371cb4212945aa28c4e22ff23cecbfbc3b4b3da790fc298294c82ee4b9d5,\xc30d04070302264c0c697b244e1876d24201371733d0968d048dd1e2e6447ea1ce3b2687d122e4ab169ea77c5621df5698c6d1ead4b6484107793b272552f16c7fe19db1fd39f61b8abc50ce2a5f9a2095a873
94,\xc30d040703029c42115350902fd578d23901a5984fb037a3245246f8ef7a139c1718c564a8b1bd02225aa63d6727941764dc3c1baf2e2e0b62d6f9cea9669fea2f3751392f48906fc809,\xc30d04070302e491d318dac1c81d7ad24201c8d12362b411f0914106c50d68d9b713c38b6d934f4ca376b439ad0ac0b55aa7273355a542d61781322503b7ec9925239fd253278a8b221348f9b716141786b787,\xc30d0407030266c9706cef3ba78667d239011151252a014def07aae4eda7ab088b279b11e2ca66295139e094abf8d868a233ecd4d21a595db00df2ff42e034eda58e784032865dd427e4,\xc30d04070302a76c027c45aa668b78d242015ed1b09aa943418d69a0f2c6f7eac845b21a1bce6e586543202af5f7e07da31dd7aeffe84357cc4354c4ca06f68f2e6350a315f33183fddd53395353ebaa673288
95,\xc30d04070302670686116b8c539264d239019153f79365ccb2b248dedeb5d1821c659c8d6be7dbc0aeaf5effdb51ffc9e3114acf919bfd7dd5a780531a7d8711c2b485428e2b459ea962,\xc30d0407030235d23842b64b67d168d2420160bbd8b59ba2cef6696dcbd740520e363f8f1d0d5c43c1bfc14881a70abc1f4c6f25516b8979720f01985c857c6fd28c9840d753aefeb1bdf9b6555845ba5b6ee0,\xc30d04070302cf98eeb6e98674c765d23901838e2d243cb32d74b103733c1ad1f72949435cbd9cbf27f38a40a5ebcd4f830a6466749e0502ee20e6e419bdc65715a391ced7840b7d30f3,\xc30d04070302a0b7a3dda35e85e270d24201a4d4b8703151a6b663c97127291a2d6f6b861a150e0f29753967278224956ad6b1fab4983b73b4f24755057acfdcb934b1cf939e7735aa2f637e525c67f2b3793e
96,\xc30d04070302deddfb85eb2758c27fd2390135a7075794e644212a54eee481f0bbd253ef24d4ad9986c96f434e840f847fbe0ab0ac6b4aba37476884efa78f509bbc1ff37dadeb4d2ea6,\xc30d040703029dbc1caa8cb91aae7ad2420124e0a7b6d1d57fd8b97ec7a37e849fbbbfececb63c593ae98034ee161ab7fb125d6349ad51b16983bcf16c8444ba7090b556c73d5618f650edf0d45208aa2dcb5e,\xc30d04070302296c5ba2e9b97ab567d23901fcdb5012494acc26f764f6f8b12489dd657df9cd85233fab2e1ab868dd1a957854f155f6907c375fcfb3400d484052b26a15d17835ed7225,\xc30d04070302f023f7235b67997877d24201467f17b7864a7a5b7aaa1208fd77700cb666c63da4fe9c7969acef29ff1bd95bd12975dcd8e9a0af479e6f79a83e63331bfbaca1cbc34d297b0e3bc5d6d0696674
97,\xc30d04070302fefe7d32d20bc87969d239015fb8bdca1743589e667c0be80a9a716cc076a83af2059d94af07f73cb2758d015acdb6ebb3fc2b908e39ba84d2f8f3b1180de797911af25b,\xc30d0407030249b92bc190a8fe0971d24201710624c9767f6277c5bf4e5613b6cd251eb3510de14e987d479a503c7b5a23021da6f27f47c2aa6255d73b6ffadb5e974b179061e0f427c672c4bd4bf1eb822794,\xc30d04070302d7b9b50ff804590877d23901dc527d73a5fff1c1c59d79224340ed4c1356b9aac89456decf7b45b6c2acef8d1f214ddea666649540837c3a763134de9ea0536e7f12a8df,\xc30d040703023b4d4bea22595d767cd2420197de4e8c93bfe582deadb9c1a6c9c469d9517f39e978a0f45e59977784b9d8dea61e22ec342c1677f4a2f5a2f2b45aa06eba63cbe33c49a4c4c786c99032ff7827
98,\xc30d040703021e3e229e0b0b1db464d23901d9b8265265cdf819428ce874a65b78f007c23e0251ebefa3fbe2d844106b3cc220bd34c4540130ecbbb5fe908157e6e8d140cd4e78c09dcd,\xc30d040703023ba110818097073969d24201e1d754a3d8d98465999c7dad84921e74ab40962e8a8c54c7c96095789dab89e6f7a90bf7b3bc0ebe7154a56a60d49b1315d361e2465f85e502843928c78d76913f,\xc30d040703026b01637b06cc463478d239013b85aaedde960bd5027141e5e9b35c4a2876db5dbbd4f6b05edd54356e26b01bb68ae6154d4b8e531d2138f859fc696b3dd2e1aa91e0e34e,\xc30d04070302701ecb8fbc65e4cc7ad24201954cadc2d17e4317d5f636d07a64297d06cb1959889e8ac246fb38ff730bcca3ddd40e5d952328932c0aaf63be978fb245018fae4c540dc9c7028c3392c65eef18
99,\xc30d04070302efd0344edd05cc376ed239019729c0d6a6251362a3b27b0740187196c34ab0167cd1127e8ab912a73f893e14e992931290589747fcecb08ec1d245a6999109bf7a51157f,\xc30d040703029356c5b31b5c89f564d2420116b7cd089c191ae5d68a9a5df1d50010d60be2e452f180286c6e3db4594f0f5c6fb9d4f46a38f27272a9f347af61ddde32f63dfff3fefa05e5b2abbc55c0b0728e,\xc30d04070302c675fdddf79e35c06fd23901c5e76d6eed404908d1673164093d131ef822fd6fd3c95aea25b82689924f582ded5b9dd047a43e597cf70d8a3fe7c17ccf208507207a2a6b,\xc30d040703023267a5fc56e4f0f46cd24201f5a6e5d8d84f72e98f99debbb9998eda1b0e8828e8f94e01d3e84df345ffce13beaca5fb5a300498acf48e775745b129fb27e63f393bf4eeb393702ba78e7f2e88
100,\xc30d0407030234112f4ce300017473d23a01a3ea649f4207b4fd1fc4bddc14064aa7a06b4e9dce992d004d492d8773552d3affcd9ec9bd6f2796451d958fb774e65977aa1493f035f1d2e2,\xc30d0407030205c319d2d6ef4c807cd243012d9dcc860d844004048778603e2d5cfec1a5c796d688d7ef0762e1fec4860a47638dc9f53ce75eb89a9058adb447ae5d30de641715652f4fc327e2f82f07bdd64fa6,\xc30d04070302ec535b24909cdd0e66d23901bc4c3d2fad6fa3c6f222a895ff53da87878a3aff4dfd7f805892a99645240bdecc761fecef48ae514480a185f6709d85c639d2fb501d144d,\xc30d0407030204f32ba1615b9cd076d24301cd5d0e19c8321789db7e7971bbf865ab92d5ed76d8a5bca1ca4ecd9107420b96171bb29f4f3f4f145921ede020b08f53e830da26c79d83a50b11d22a95358e9b8aa9
